date,USDONTD156N
04/01/2010,0.17375
05/01/2010,0.175
06/01/2010,0.175
07/01/2010,0.175
08/01/2010,0.17313
11/01/2010,0.17313
12/01/2010,0.17313
13/01/2010,0.17313
14/01/2010,0.17188
15/01/2010,0.17188
18/01/2010,.
19/01/2010,0.17188
20/01/2010,0.17063
21/01/2010,0.16938
22/01/2010,0.16938
25/01/2010,0.16938
26/01/2010,0.17063
27/01/2010,0.17063
28/01/2010,0.17063
29/01/2010,0.17313
01/02/2010,0.17063
02/02/2010,0.17313
03/02/2010,0.17313
04/02/2010,0.17188
05/02/2010,0.17313
08/02/2010,0.17063
09/02/2010,0.17063
10/02/2010,0.17063
11/02/2010,0.17063
12/02/2010,0.17188
15/02/2010,.
16/02/2010,0.17125
17/02/2010,0.17125
18/02/2010,0.1725
19/02/2010,0.1725
22/02/2010,0.17625
23/02/2010,0.17594
24/02/2010,0.17406
25/02/2010,0.17406
26/02/2010,0.17375
01/03/2010,0.175
02/03/2010,0.17563
03/03/2010,0.17563
04/03/2010,0.17813
05/03/2010,0.18375
08/03/2010,0.1925
09/03/2010,0.19219
10/03/2010,0.18906
11/03/2010,0.18656
12/03/2010,0.18656
15/03/2010,0.19281
16/03/2010,0.22413
17/03/2010,0.22225
18/03/2010,0.221
19/03/2010,0.221
22/03/2010,0.21975
23/03/2010,0.2185
24/03/2010,0.2185
25/03/2010,0.21725
26/03/2010,0.21813
29/03/2010,0.21688
30/03/2010,0.21825
31/03/2010,0.22513
01/04/2010,0.2195
02/04/2010,.
05/04/2010,.
06/04/2010,0.222
07/04/2010,0.22575
08/04/2010,0.22575
09/04/2010,0.22825
12/04/2010,0.22825
13/04/2010,0.23263
14/04/2010,0.23513
15/04/2010,0.2475
16/04/2010,0.2465
19/04/2010,0.249
20/04/2010,0.25025
21/04/2010,0.25025
22/04/2010,0.25025
23/04/2010,0.25056
26/04/2010,0.24963
27/04/2010,0.25088
28/04/2010,0.25556
29/04/2010,0.25588
30/04/2010,0.26313
03/05/2010,.
04/05/2010,0.26588
05/05/2010,0.27188
06/05/2010,0.27688
07/05/2010,0.32125
10/05/2010,0.3125
11/05/2010,0.3025
12/05/2010,0.29875
13/05/2010,0.29625
14/05/2010,0.2925
17/05/2010,0.3
18/05/2010,0.29563
19/05/2010,0.29875
20/05/2010,0.295
21/05/2010,0.29625
24/05/2010,0.29563
25/05/2010,0.29938
26/05/2010,0.30063
27/05/2010,0.30125
28/05/2010,0.29875
31/05/2010,.
01/06/2010,0.30338
02/06/2010,0.30088
03/06/2010,0.30088
04/06/2010,0.30088
07/06/2010,0.30088
08/06/2010,0.29963
09/06/2010,0.29963
10/06/2010,0.29963
11/06/2010,0.299
14/06/2010,0.29775
15/06/2010,0.2965
16/06/2010,0.2965
17/06/2010,0.29525
18/06/2010,0.29588
21/06/2010,0.29813
22/06/2010,0.29813
23/06/2010,0.29813
24/06/2010,0.29563
25/06/2010,0.29563
28/06/2010,0.29313
29/06/2010,0.29375
30/06/2010,0.30563
01/07/2010,0.30063
02/07/2010,0.295
05/07/2010,.
06/07/2010,0.28875
07/07/2010,0.285
08/07/2010,0.28125
09/07/2010,0.275
12/07/2010,0.27375
13/07/2010,0.27344
14/07/2010,0.27125
15/07/2010,0.27
16/07/2010,0.26875
19/07/2010,0.26375
20/07/2010,0.26094
21/07/2010,0.25719
22/07/2010,0.25125
23/07/2010,0.24781
26/07/2010,0.24594
27/07/2010,0.24563
28/07/2010,0.24313
29/07/2010,0.24213
30/07/2010,0.24094
02/08/2010,0.24031
03/08/2010,0.24031
04/08/2010,0.24031
05/08/2010,0.23781
06/08/2010,0.23781
09/08/2010,0.23656
10/08/2010,0.23594
11/08/2010,0.23313
12/08/2010,0.23125
13/08/2010,0.22938
16/08/2010,0.22875
17/08/2010,0.22663
18/08/2010,0.226
19/08/2010,0.22725
20/08/2010,0.22725
23/08/2010,0.22538
24/08/2010,0.22538
25/08/2010,0.22438
26/08/2010,0.22438
27/08/2010,0.225
30/08/2010,.
31/08/2010,0.22813
01/09/2010,0.22625
02/09/2010,0.22625
03/09/2010,0.22625
06/09/2010,.
07/09/2010,0.22688
08/09/2010,0.22688
09/09/2010,0.22688
10/09/2010,0.22688
13/09/2010,0.22688
14/09/2010,0.22688
15/09/2010,0.22688
16/09/2010,0.2275
17/09/2010,0.22788
20/09/2010,0.22788
21/09/2010,0.22788
22/09/2010,0.22663
23/09/2010,0.22663
24/09/2010,0.22538
27/09/2010,0.22538
28/09/2010,0.225
29/09/2010,0.225
30/09/2010,0.22625
01/10/2010,0.22813
04/10/2010,0.22563
05/10/2010,0.22563
06/10/2010,0.22563
07/10/2010,0.225
08/10/2010,0.225
11/10/2010,.
12/10/2010,0.22563
13/10/2010,0.22563
14/10/2010,0.22688
15/10/2010,0.22688
18/10/2010,0.22688
19/10/2010,0.22625
20/10/2010,0.22688
21/10/2010,0.22688
22/10/2010,0.22563
25/10/2010,0.22563
26/10/2010,0.22563
27/10/2010,0.22563
28/10/2010,0.22563
29/10/2010,0.22563
01/11/2010,0.22563
02/11/2010,0.22563
03/11/2010,0.22563
04/11/2010,0.22563
05/11/2010,0.22563
08/11/2010,0.22563
09/11/2010,0.22563
10/11/2010,0.22563
11/11/2010,.
12/11/2010,0.22563
15/11/2010,0.22625
16/11/2010,0.22938
17/11/2010,0.23063
18/11/2010,0.22938
19/11/2010,0.22938
22/11/2010,0.23063
23/11/2010,0.23188
24/11/2010,0.23313
25/11/2010,.
26/11/2010,0.2325
29/11/2010,0.2325
30/11/2010,0.23625
01/12/2010,0.24
02/12/2010,0.23969
03/12/2010,0.24063
06/12/2010,0.24031
07/12/2010,0.24156
08/12/2010,0.24094
09/12/2010,0.24
10/12/2010,0.23813
13/12/2010,0.23875
14/12/2010,0.2375
15/12/2010,0.24
16/12/2010,0.23875
17/12/2010,0.23813
20/12/2010,0.24125
21/12/2010,0.24125
22/12/2010,0.23875
23/12/2010,0.24125
24/12/2010,0.24438
27/12/2010,.
28/12/2010,.
29/12/2010,0.24563
30/12/2010,0.24688
31/12/2010,0.25188
03/01/2011,.
04/01/2011,0.24688
05/01/2011,0.24375
06/01/2011,0.24375
07/01/2011,0.24125
10/01/2011,0.24125
11/01/2011,0.24
12/01/2011,0.24
13/01/2011,0.24
14/01/2011,0.23875
17/01/2011,.
18/01/2011,0.24
19/01/2011,0.23688
20/01/2011,0.23688
21/01/2011,0.23688
24/01/2011,0.23688
25/01/2011,0.23688
26/01/2011,0.23688
27/01/2011,0.23563
28/01/2011,0.23563
31/01/2011,0.23531
01/02/2011,0.236
02/02/2011,0.235
03/02/2011,0.237
04/02/2011,0.2369
07/02/2011,0.2374
08/02/2011,0.2355
09/02/2011,0.2355
10/02/2011,0.234
11/02/2011,0.234
14/02/2011,0.233
15/02/2011,0.2335
16/02/2011,0.2335
17/02/2011,0.231
18/02/2011,0.2295
21/02/2011,.
22/02/2011,0.228
23/02/2011,0.227
24/02/2011,0.2255
25/02/2011,0.2255
28/02/2011,0.2255
01/03/2011,0.2255
02/03/2011,0.2235
03/03/2011,0.2215
04/03/2011,0.2215
07/03/2011,0.2205
08/03/2011,0.2195
09/03/2011,0.2175
10/03/2011,0.216
11/03/2011,0.2155
14/03/2011,0.2135
15/03/2011,0.2115
16/03/2011,0.2115
17/03/2011,0.2065
18/03/2011,0.2055
21/03/2011,0.2045
22/03/2011,0.2025
23/03/2011,0.1995
24/03/2011,0.1955
25/03/2011,0.194
28/03/2011,0.192
29/03/2011,0.189
30/03/2011,0.1855
31/03/2011,0.1845
01/04/2011,0.184
04/04/2011,0.1782
05/04/2011,0.1697
06/04/2011,0.1628
07/04/2011,0.157
08/04/2011,0.15475
11/04/2011,0.15075
12/04/2011,0.144
13/04/2011,0.1405
14/04/2011,0.138
15/04/2011,0.1365
18/04/2011,0.1345
19/04/2011,0.1335
20/04/2011,0.1335
21/04/2011,0.1355
22/04/2011,.
25/04/2011,.
26/04/2011,0.135
27/04/2011,0.13475
28/04/2011,0.13375
29/04/2011,.
02/05/2011,.
03/05/2011,0.134
04/05/2011,0.1335
05/05/2011,0.1315
06/05/2011,0.13225
09/05/2011,0.13225
10/05/2011,0.13225
11/05/2011,0.132
12/05/2011,0.1315
13/05/2011,0.1315
16/05/2011,0.1315
17/05/2011,0.1305
18/05/2011,0.1305
19/05/2011,0.13025
20/05/2011,0.13
23/05/2011,0.13
24/05/2011,0.129
25/05/2011,0.129
26/05/2011,0.129
27/05/2011,0.127
30/05/2011,.
31/05/2011,0.128
01/06/2011,0.127
02/06/2011,0.1265
03/06/2011,0.1265
06/06/2011,0.126
07/06/2011,0.1265
08/06/2011,0.1265
09/06/2011,0.127
10/06/2011,0.127
13/06/2011,0.127
14/06/2011,0.1275
15/06/2011,0.1285
16/06/2011,0.128
17/06/2011,0.128
20/06/2011,0.128
21/06/2011,0.1275
22/06/2011,0.1275
23/06/2011,0.1265
24/06/2011,0.1275
27/06/2011,0.1265
28/06/2011,0.1265
29/06/2011,0.1255
30/06/2011,0.128
01/07/2011,0.1255
04/07/2011,.
05/07/2011,0.125
06/07/2011,0.1245
07/07/2011,0.1245
08/07/2011,0.1245
11/07/2011,0.1245
12/07/2011,0.1255
13/07/2011,0.124
14/07/2011,0.123
15/07/2011,0.12225
18/07/2011,0.12175
19/07/2011,0.12225
20/07/2011,0.12225
21/07/2011,0.1225
22/07/2011,0.12225
25/07/2011,0.1225
26/07/2011,0.122
27/07/2011,0.12225
28/07/2011,0.12375
29/07/2011,0.13125
01/08/2011,0.12861
02/08/2011,0.17167
03/08/2011,0.17833
04/08/2011,0.15278
05/08/2011,0.13611
08/08/2011,0.13611
09/08/2011,0.13611
10/08/2011,0.13833
11/08/2011,0.13944
12/08/2011,0.14278
15/08/2011,0.145
16/08/2011,0.14278
17/08/2011,0.14167
18/08/2011,0.14167
19/08/2011,0.14167
22/08/2011,0.14333
23/08/2011,0.14444
24/08/2011,0.14444
25/08/2011,0.14444
26/08/2011,0.14333
29/08/2011,.
30/08/2011,0.14333
31/08/2011,0.14667
01/09/2011,0.14222
02/09/2011,0.14111
05/09/2011,.
06/09/2011,0.14333
07/09/2011,0.14333
08/09/2011,0.14444
09/09/2011,0.14278
12/09/2011,0.14389
13/09/2011,0.145
14/09/2011,0.14667
15/09/2011,0.14722
16/09/2011,0.14667
19/09/2011,0.14833
20/09/2011,0.14667
21/09/2011,0.14611
22/09/2011,0.14611
23/09/2011,0.14611
26/09/2011,0.14611
27/09/2011,0.145
28/09/2011,0.14611
29/09/2011,0.145
30/09/2011,0.15222
03/10/2011,0.14444
04/10/2011,0.14333
05/10/2011,0.14278
06/10/2011,0.14267
07/10/2011,0.13944
10/10/2011,.
11/10/2011,0.14167
12/10/2011,0.14056
13/10/2011,0.14056
14/10/2011,0.13944
17/10/2011,0.14278
18/10/2011,0.14056
19/10/2011,0.14056
20/10/2011,0.14167
21/10/2011,0.14167
24/10/2011,0.14167
25/10/2011,0.14222
26/10/2011,0.14222
27/10/2011,0.14222
28/10/2011,0.14222
31/10/2011,0.14222
01/11/2011,0.14222
02/11/2011,0.14222
03/11/2011,0.14111
04/11/2011,0.14111
07/11/2011,0.14111
08/11/2011,0.14111
09/11/2011,0.14056
10/11/2011,0.14111
11/11/2011,.
14/11/2011,0.14222
15/11/2011,0.14389
16/11/2011,0.14167
17/11/2011,0.14278
18/11/2011,0.14278
21/11/2011,0.14278
22/11/2011,0.14278
23/11/2011,0.14278
24/11/2011,.
25/11/2011,0.14389
28/11/2011,0.14611
29/11/2011,0.145
30/11/2011,0.145
01/12/2011,0.14556
02/12/2011,0.14611
05/12/2011,0.1495
06/12/2011,0.15
07/12/2011,0.1505
08/12/2011,0.15
09/12/2011,0.15
12/12/2011,0.15
13/12/2011,0.1505
14/12/2011,0.1505
15/12/2011,0.1505
16/12/2011,0.1505
19/12/2011,0.1505
20/12/2011,0.1505
21/12/2011,0.1505
22/12/2011,0.15
23/12/2011,0.15
26/12/2011,.
27/12/2011,.
28/12/2011,0.15
29/12/2011,0.1495
30/12/2011,0.154
02/01/2012,.
03/01/2012,0.149
04/01/2012,0.15
05/01/2012,0.1495
06/01/2012,0.149
09/01/2012,0.149
10/01/2012,0.15
11/01/2012,0.149
12/01/2012,0.147
13/01/2012,0.146
16/01/2012,.
17/01/2012,0.1465
18/01/2012,0.1464
19/01/2012,0.1454
20/01/2012,0.1443
23/01/2012,0.1445
24/01/2012,0.1445
25/01/2012,0.1415
26/01/2012,0.141
27/01/2012,0.141
30/01/2012,0.1395
31/01/2012,0.1395
01/02/2012,0.139
02/02/2012,0.141
03/02/2012,0.142
06/02/2012,0.1415
07/02/2012,0.144
08/02/2012,0.142
09/02/2012,0.142
10/02/2012,0.142
13/02/2012,0.142
14/02/2012,0.144
15/02/2012,0.143
16/02/2012,0.142
17/02/2012,0.141
20/02/2012,.
21/02/2012,0.1405
22/02/2012,0.1405
23/02/2012,0.1395
24/02/2012,0.1385
27/02/2012,0.139
28/02/2012,0.139
29/02/2012,0.139
01/03/2012,0.1385
02/03/2012,0.1395
05/03/2012,0.1405
06/03/2012,0.1415
07/03/2012,0.1415
08/03/2012,0.1415
09/03/2012,0.1415
12/03/2012,0.1425
13/03/2012,0.1437
14/03/2012,0.1467
15/03/2012,0.1485
16/03/2012,0.1485
19/03/2012,0.149
20/03/2012,0.1515
21/03/2012,0.1525
22/03/2012,0.1535
23/03/2012,0.153
26/03/2012,0.153
27/03/2012,0.153
28/03/2012,0.153
29/03/2012,0.153
30/03/2012,0.1525
02/04/2012,0.15
03/04/2012,0.151
04/04/2012,0.151
05/04/2012,0.151
06/04/2012,.
09/04/2012,.
10/04/2012,0.151
11/04/2012,0.151
12/04/2012,0.15
13/04/2012,0.15
16/04/2012,0.15
17/04/2012,0.15
18/04/2012,0.148
19/04/2012,0.149
20/04/2012,0.148
23/04/2012,0.147
24/04/2012,0.145
25/04/2012,0.144
26/04/2012,0.146
27/04/2012,0.146
30/04/2012,0.147
01/05/2012,0.147
02/05/2012,0.147
03/05/2012,0.147
04/05/2012,0.147
07/05/2012,.
08/05/2012,0.147
09/05/2012,0.147
10/05/2012,0.148
11/05/2012,0.149
14/05/2012,0.15
15/05/2012,0.1515
16/05/2012,0.1555
17/05/2012,0.1545
18/05/2012,0.155
21/05/2012,0.1555
22/05/2012,0.1555
23/05/2012,0.156
24/05/2012,0.153
25/05/2012,0.153
28/05/2012,.
29/05/2012,0.154
30/05/2012,0.154
31/05/2012,0.156
01/06/2012,0.157
04/06/2012,.
05/06/2012,.
06/06/2012,0.159
07/06/2012,0.159
08/06/2012,0.1595
11/06/2012,0.1595
12/06/2012,0.1595
13/06/2012,0.1605
14/06/2012,0.1605
15/06/2012,0.1625
18/06/2012,0.1625
19/06/2012,0.164
20/06/2012,0.165
21/06/2012,0.166
22/06/2012,0.166
25/06/2012,0.166
26/06/2012,0.167
27/06/2012,0.1665
28/06/2012,0.1675
29/06/2012,0.1695
02/07/2012,0.168
03/07/2012,0.17
04/07/2012,.
05/07/2012,0.1705
06/07/2012,0.1705
09/07/2012,0.1705
10/07/2012,0.1705
11/07/2012,0.169
12/07/2012,0.169
13/07/2012,0.169
16/07/2012,0.169
17/07/2012,0.169
18/07/2012,0.169
19/07/2012,0.168
20/07/2012,0.1665
23/07/2012,0.1655
24/07/2012,0.1625
25/07/2012,0.1629
26/07/2012,0.1629
27/07/2012,0.1624
30/07/2012,0.1624
31/07/2012,0.1614
01/08/2012,0.1599
02/08/2012,0.1594
03/08/2012,0.1589
06/08/2012,0.1584
07/08/2012,0.1564
08/08/2012,0.1544
09/08/2012,0.1534
10/08/2012,0.1534
13/08/2012,0.1514
14/08/2012,0.1539
15/08/2012,0.1529
16/08/2012,0.1529
17/08/2012,0.1524
20/08/2012,0.1524
21/08/2012,0.1524
22/08/2012,0.1524
23/08/2012,0.1514
24/08/2012,0.1514
27/08/2012,.
28/08/2012,0.1514
29/08/2012,0.1514
30/08/2012,0.1514
31/08/2012,0.1504
03/09/2012,.
04/09/2012,0.1514
05/09/2012,0.1514
06/09/2012,0.1529
07/09/2012,0.1524
10/09/2012,0.1524
11/09/2012,0.1524
12/09/2012,0.1524
13/09/2012,0.1524
14/09/2012,0.1539
17/09/2012,0.1529
18/09/2012,0.1519
19/09/2012,0.1519
20/09/2012,0.1514
21/09/2012,0.1514
24/09/2012,0.1514
25/09/2012,0.1509
26/09/2012,0.1509
27/09/2012,0.1516
28/09/2012,0.1516
01/10/2012,0.1501
02/10/2012,0.1501
03/10/2012,0.1521
04/10/2012,0.1521
05/10/2012,0.1531
08/10/2012,0.1531
09/10/2012,0.1531
10/10/2012,0.1525
11/10/2012,0.1525
12/10/2012,0.1525
15/10/2012,0.1535
16/10/2012,0.1545
17/10/2012,0.1535
18/10/2012,0.1535
19/10/2012,0.1535
22/10/2012,0.1535
23/10/2012,0.1535
24/10/2012,0.1535
25/10/2012,0.1545
26/10/2012,0.1535
29/10/2012,0.1545
30/10/2012,0.155
31/10/2012,0.156
01/11/2012,0.155
02/11/2012,0.156
05/11/2012,0.156
06/11/2012,0.1545
07/11/2012,0.1545
08/11/2012,0.153
09/11/2012,0.154
12/11/2012,0.154
13/11/2012,0.153
14/11/2012,0.1535
15/11/2012,0.1545
16/11/2012,0.1545
19/11/2012,0.1545
20/11/2012,0.1545
21/11/2012,0.1545
22/11/2012,0.1545
23/11/2012,0.155
26/11/2012,0.156
27/11/2012,0.159
28/11/2012,0.16
29/11/2012,0.16
30/11/2012,0.1605
03/12/2012,0.1605
04/12/2012,0.16
05/12/2012,0.16
06/12/2012,0.1625
07/12/2012,0.1625
10/12/2012,0.1625
11/12/2012,0.1615
12/12/2012,0.1615
13/12/2012,0.1615
14/12/2012,0.1625
17/12/2012,0.164
18/12/2012,0.1635
19/12/2012,0.1635
20/12/2012,0.1635
21/12/2012,0.1635
24/12/2012,0.1655
25/12/2012,.
26/12/2012,.
27/12/2012,0.167
28/12/2012,0.1665
31/12/2012,0.168
01/01/2013,.
02/01/2013,0.1655
03/01/2013,0.1665
04/01/2013,0.1665
07/01/2013,0.1645
08/01/2013,0.164
09/01/2013,0.164
10/01/2013,0.1605
11/01/2013,0.1595
14/01/2013,0.1595
15/01/2013,0.1595
16/01/2013,0.1635
17/01/2013,0.1585
18/01/2013,0.158
21/01/2013,0.158
22/01/2013,0.1605
23/01/2013,0.1595
24/01/2013,0.1565
25/01/2013,0.159
28/01/2013,0.16
29/01/2013,0.157
30/01/2013,0.155
31/01/2013,0.154
01/02/2013,0.155
04/02/2013,0.155
05/02/2013,0.156
06/02/2013,0.154
07/02/2013,0.153
08/02/2013,0.153
11/02/2013,0.154
12/02/2013,0.153
13/02/2013,0.152
14/02/2013,0.154
15/02/2013,0.155
18/02/2013,.
19/02/2013,0.154
20/02/2013,0.1555
21/02/2013,0.1565
22/02/2013,0.1565
25/02/2013,0.1565
26/02/2013,0.1565
27/02/2013,0.1555
28/02/2013,0.153
01/03/2013,0.154
04/03/2013,0.154
05/03/2013,0.154
06/03/2013,0.153
07/03/2013,0.155
08/03/2013,0.155
11/03/2013,0.155
12/03/2013,0.155
13/03/2013,0.155
14/03/2013,0.153
15/03/2013,0.153
18/03/2013,0.155
19/03/2013,0.156
20/03/2013,0.155
21/03/2013,0.156
22/03/2013,0.157
25/03/2013,0.157
26/03/2013,0.157
27/03/2013,0.156
28/03/2013,0.156
29/03/2013,.
01/04/2013,.
02/04/2013,0.154
03/04/2013,0.154
04/04/2013,0.154
05/04/2013,0.154
08/04/2013,0.155
09/04/2013,0.155
10/04/2013,0.155
11/04/2013,0.155
12/04/2013,0.157
15/04/2013,0.157
16/04/2013,0.157
17/04/2013,0.157
18/04/2013,0.157
19/04/2013,0.156
22/04/2013,0.155
23/04/2013,0.154
24/04/2013,0.152
25/04/2013,0.15
26/04/2013,0.149
29/04/2013,0.148
30/04/2013,0.147
01/05/2013,0.148
02/05/2013,0.15
03/05/2013,0.15
06/05/2013,.
07/05/2013,0.1485
08/05/2013,0.1485
09/05/2013,0.1475
10/05/2013,0.146
13/05/2013,0.1465
14/05/2013,0.146
15/05/2013,0.145
16/05/2013,0.147
17/05/2013,0.1465
20/05/2013,0.1464
21/05/2013,0.1464
22/05/2013,0.1425
23/05/2013,0.1389
24/05/2013,0.135
27/05/2013,.
28/05/2013,0.1337
29/05/2013,0.1349
30/05/2013,0.1341
31/05/2013,0.1322
03/06/2013,0.1338
04/06/2013,0.1343
05/06/2013,0.133
06/06/2013,0.133
07/06/2013,0.1326
10/06/2013,0.1329
11/06/2013,0.1314
12/06/2013,0.1314
13/06/2013,0.1305
14/06/2013,0.129
17/06/2013,0.1308
18/06/2013,0.1283
19/06/2013,0.1271
20/06/2013,0.1269
21/06/2013,0.1303
24/06/2013,0.1316
25/06/2013,0.1321
26/06/2013,0.1319
27/06/2013,0.1289
28/06/2013,0.125
01/07/2013,0.1245
02/07/2013,0.1263
03/07/2013,0.1243
04/07/2013,.
05/07/2013,0.1253
08/07/2013,0.1243
09/07/2013,0.1251
10/07/2013,0.1251
11/07/2013,0.1209
12/07/2013,0.1202
15/07/2013,0.11979
16/07/2013,0.11894
17/07/2013,0.11768
18/07/2013,0.11812
19/07/2013,0.11746
22/07/2013,0.12021
23/07/2013,0.11935
24/07/2013,0.11965
25/07/2013,0.11938
26/07/2013,0.11874
29/07/2013,0.1198
30/07/2013,0.119
31/07/2013,0.1187
01/08/2013,0.1176
02/08/2013,0.11703
05/08/2013,0.1186
06/08/2013,0.1196
07/08/2013,0.1198
08/08/2013,0.1207
09/08/2013,0.1196
12/08/2013,0.1198
13/08/2013,0.1189
14/08/2013,0.1183
15/08/2013,0.1178
16/08/2013,0.1176
19/08/2013,0.1165
20/08/2013,0.1162
21/08/2013,0.1153
22/08/2013,0.1157
23/08/2013,0.1168
26/08/2013,.
27/08/2013,0.1173
28/08/2013,0.118
29/08/2013,0.117
30/08/2013,0.1163
02/09/2013,.
03/09/2013,0.1153
04/09/2013,0.1158
05/09/2013,0.1165
06/09/2013,0.1165
09/09/2013,0.1157
10/09/2013,0.1152
11/09/2013,0.114
12/09/2013,0.1128
13/09/2013,0.1119
16/09/2013,0.113
17/09/2013,0.1115
18/09/2013,0.1115
19/09/2013,0.1114
20/09/2013,0.1119
23/09/2013,0.1114
24/09/2013,0.1105
25/09/2013,0.1111
26/09/2013,0.1104
27/09/2013,0.1093
30/09/2013,0.1052
01/10/2013,0.105
02/10/2013,0.1051
03/10/2013,0.1032
04/10/2013,0.1013
07/10/2013,0.1022
08/10/2013,0.1018
09/10/2013,0.1022
10/10/2013,0.1065
11/10/2013,0.1038
14/10/2013,.
15/10/2013,0.1048
16/10/2013,0.1069
17/10/2013,0.1077
18/10/2013,0.109
21/10/2013,0.1066
22/10/2013,0.1051
23/10/2013,0.1051
24/10/2013,0.1026
25/10/2013,0.1024
28/10/2013,0.1033
29/10/2013,0.1035
30/10/2013,0.1024
31/10/2013,0.1037
01/11/2013,0.0999
04/11/2013,0.1014
05/11/2013,0.1024
06/11/2013,0.1023
07/11/2013,0.1017
08/11/2013,0.1021
11/11/2013,.
12/11/2013,0.1006
13/11/2013,0.1012
14/11/2013,0.1017
15/11/2013,0.1049
18/11/2013,0.1063
19/11/2013,0.1037
20/11/2013,0.1036
21/11/2013,0.1031
22/11/2013,0.1028
25/11/2013,0.1041
26/11/2013,0.1033
27/11/2013,0.1029
28/11/2013,.
29/11/2013,0.1047
02/12/2013,0.101
03/12/2013,0.1026
04/12/2013,0.1025
05/12/2013,0.103
06/12/2013,0.1041
09/12/2013,0.1037
10/12/2013,0.1021
11/12/2013,0.1015
12/12/2013,0.1013
13/12/2013,0.1
16/12/2013,0.1017
17/12/2013,0.1018
18/12/2013,0.1021
19/12/2013,0.102
20/12/2013,0.1018
23/12/2013,0.1011
24/12/2013,0.1007
25/12/2013,.
26/12/2013,.
27/12/2013,0.096
30/12/2013,0.096
31/12/2013,0.0795
01/01/2014,.
02/01/2014,0.0956
03/01/2014,0.095
06/01/2014,0.0945
07/01/2014,0.0926
08/01/2014,0.0925
09/01/2014,0.0919
10/01/2014,0.0918
13/01/2014,0.0921
14/01/2014,0.0921
15/01/2014,0.09
16/01/2014,0.0896
17/01/2014,0.0886
20/01/2014,.
21/01/2014,0.0896
22/01/2014,0.0901
23/01/2014,0.0898
24/01/2014,0.0887
27/01/2014,0.0866
28/01/2014,0.0851
29/01/2014,0.0847
30/01/2014,0.085
31/01/2014,0.0862
03/02/2014,0.0855
04/02/2014,0.085
05/02/2014,0.085
06/02/2014,0.085
07/02/2014,0.0856
10/02/2014,0.0856
11/02/2014,0.085
12/02/2014,0.0865
13/02/2014,0.086
14/02/2014,0.0856
17/02/2014,.
18/02/2014,0.084
19/02/2014,0.0861
20/02/2014,0.0865
21/02/2014,0.0865
24/02/2014,0.0874
25/02/2014,0.0876
26/02/2014,0.0882
27/02/2014,0.0887
28/02/2014,0.09
03/03/2014,0.0878
04/03/2014,0.0883
05/03/2014,0.0879
06/03/2014,0.0876
07/03/2014,0.0877
10/03/2014,0.0901
11/03/2014,0.0885
12/03/2014,0.0889
13/03/2014,0.0879
14/03/2014,0.0878
17/03/2014,0.0886
18/03/2014,0.0885
19/03/2014,0.089
20/03/2014,0.0885
21/03/2014,0.0905
24/03/2014,0.0903
25/03/2014,0.0904
26/03/2014,0.0903
27/03/2014,0.0908
28/03/2014,0.0899
31/03/2014,0.0855
01/04/2014,0.0884
02/04/2014,0.0874
03/04/2014,0.0881
04/04/2014,0.0884
07/04/2014,0.0865
08/04/2014,0.0885
09/04/2014,0.0886
10/04/2014,0.0885
11/04/2014,0.087
14/04/2014,0.087
15/04/2014,0.088
16/04/2014,0.0907
17/04/2014,0.0905
18/04/2014,.
21/04/2014,.
22/04/2014,0.0915
23/04/2014,0.0898
24/04/2014,0.0889
25/04/2014,0.0897
28/04/2014,0.0895
29/04/2014,0.0882
30/04/2014,0.0876
01/05/2014,0.088
02/05/2014,0.0885
05/05/2014,.
06/05/2014,0.0905
07/05/2014,0.0891
08/05/2014,0.0885
09/05/2014,0.0886
12/05/2014,0.0894
13/05/2014,0.0898
14/05/2014,0.0879
15/05/2014,0.0893
16/05/2014,0.0884
19/05/2014,0.0875
20/05/2014,0.0879
21/05/2014,0.088
22/05/2014,0.0883
23/05/2014,0.0877
26/05/2014,.
27/05/2014,0.0884
28/05/2014,0.0885
29/05/2014,0.0875
30/05/2014,0.0866
02/06/2014,0.089
03/06/2014,0.088
04/06/2014,0.09
05/06/2014,0.0925
06/06/2014,0.0909
09/06/2014,0.0901
10/06/2014,0.0893
11/06/2014,0.0888
12/06/2014,0.0919
13/06/2014,0.0922
16/06/2014,0.0921
17/06/2014,0.094
18/06/2014,0.096
19/06/2014,0.095
20/06/2014,0.0955
23/06/2014,0.0953
24/06/2014,0.096
25/06/2014,0.0955
26/06/2014,0.0962
27/06/2014,0.0966
30/06/2014,0.0936
01/07/2014,0.095
02/07/2014,0.0959
03/07/2014,0.0954
04/07/2014,.
07/07/2014,0.0945
08/07/2014,0.0941
09/07/2014,0.0942
10/07/2014,0.094
11/07/2014,0.0939
14/07/2014,0.0934
15/07/2014,0.0942
16/07/2014,0.0924
17/07/2014,0.0925
18/07/2014,0.093
21/07/2014,0.0915
22/07/2014,0.0925
23/07/2014,0.092
24/07/2014,0.0913
25/07/2014,0.0915
28/07/2014,0.0907
29/07/2014,0.0911
30/07/2014,0.091
31/07/2014,0.0865
01/08/2014,0.0899
04/08/2014,0.0905
05/08/2014,0.0899
06/08/2014,0.0899
07/08/2014,0.0895
08/08/2014,0.0895
11/08/2014,0.0902
12/08/2014,0.0901
13/08/2014,0.0903
14/08/2014,0.0911
15/08/2014,0.0915
18/08/2014,0.0914
19/08/2014,0.0919
20/08/2014,0.0911
21/08/2014,0.092
22/08/2014,0.0919
25/08/2014,.
26/08/2014,0.092
27/08/2014,0.092
28/08/2014,0.0915
29/08/2014,0.0895
01/09/2014,.
02/09/2014,0.0905
03/09/2014,0.0905
04/09/2014,0.091
05/09/2014,0.091
08/09/2014,0.091
09/09/2014,0.0905
10/09/2014,0.0909
11/09/2014,0.0906
12/09/2014,0.091
15/09/2014,0.091
16/09/2014,0.091
17/09/2014,0.091
18/09/2014,0.0907
19/09/2014,0.0912
22/09/2014,0.0903
23/09/2014,0.0909
24/09/2014,0.0908
25/09/2014,0.0908
26/09/2014,0.0905
29/09/2014,0.0905
30/09/2014,0.0808
01/10/2014,0.0908
02/10/2014,0.0895
03/10/2014,0.0899
06/10/2014,0.0905
07/10/2014,0.0902
08/10/2014,0.09
09/10/2014,0.0904
10/10/2014,0.0905
13/10/2014,.
14/10/2014,0.091
15/10/2014,0.092
16/10/2014,0.0913
17/10/2014,0.091
20/10/2014,0.0915
21/10/2014,0.091
22/10/2014,0.0915
23/10/2014,0.0905
24/10/2014,0.0905
27/10/2014,0.09
28/10/2014,0.0905
29/10/2014,0.0915
30/10/2014,0.0911
31/10/2014,0.088
03/11/2014,0.0925
04/11/2014,0.0925
05/11/2014,0.0925
06/11/2014,0.0935
07/11/2014,0.094
10/11/2014,0.094
11/11/2014,.
12/11/2014,0.0945
13/11/2014,0.0939
14/11/2014,0.094
17/11/2014,0.0945
18/11/2014,0.0964
19/11/2014,0.0985
20/11/2014,0.0994
21/11/2014,0.1015
24/11/2014,0.1015
25/11/2014,0.1025
26/11/2014,0.102
27/11/2014,.
28/11/2014,0.0977
01/12/2014,0.1017
02/12/2014,0.1067
03/12/2014,0.1095
04/12/2014,0.111
05/12/2014,0.111
08/12/2014,0.111
09/12/2014,0.11
10/12/2014,0.112
11/12/2014,0.1125
12/12/2014,0.1104
15/12/2014,0.1105
16/12/2014,0.11
17/12/2014,0.1108
18/12/2014,0.1117
19/12/2014,0.114
22/12/2014,0.1142
23/12/2014,0.1141
24/12/2014,0.1151
25/12/2014,.
26/12/2014,.
29/12/2014,0.1161
30/12/2014,0.1146
31/12/2014,0.0852
01/01/2015,.
02/01/2015,0.1126
05/01/2015,0.1164
06/01/2015,0.1187
07/01/2015,0.1189
08/01/2015,0.1191
09/01/2015,0.1191
12/01/2015,0.1165
13/01/2015,0.1167
14/01/2015,0.1196
15/01/2015,0.1201
16/01/2015,0.1201
19/01/2015,.
20/01/2015,0.1208
21/01/2015,0.1214
22/01/2015,0.1214
23/01/2015,0.1199
26/01/2015,0.1199
27/01/2015,0.1196
28/01/2015,0.1177
29/01/2015,0.1194
30/01/2015,0.115
02/02/2015,0.116
03/02/2015,0.1175
04/02/2015,0.118
05/02/2015,0.118
06/02/2015,0.1175
09/02/2015,0.117
10/02/2015,0.116
11/02/2015,0.118
12/02/2015,0.1195
13/02/2015,0.1175
16/02/2015,.
17/02/2015,0.1175
18/02/2015,0.118
19/02/2015,0.1185
20/02/2015,0.1205
23/02/2015,0.119
24/02/2015,0.119
25/02/2015,0.118
26/02/2015,0.118
27/02/2015,0.116
02/03/2015,0.1192
03/03/2015,0.1215
04/03/2015,0.1215
05/03/2015,0.1215
06/03/2015,0.1215
09/03/2015,0.1215
10/03/2015,0.122
11/03/2015,0.122
12/03/2015,0.1225
13/03/2015,0.123
16/03/2015,0.123
17/03/2015,0.1225
18/03/2015,0.122
19/03/2015,0.122
20/03/2015,0.122
23/03/2015,0.1225
24/03/2015,0.122
25/03/2015,0.1215
26/03/2015,0.121
27/03/2015,0.121
30/03/2015,0.12
31/03/2015,0.114
01/04/2015,0.1225
02/04/2015,0.1215
03/04/2015,.
06/04/2015,.
07/04/2015,0.122
08/04/2015,0.121
09/04/2015,0.121
10/04/2015,0.122
13/04/2015,0.122
14/04/2015,0.122
15/04/2015,0.122
16/04/2015,0.122
17/04/2015,0.122
20/04/2015,0.122
21/04/2015,0.1225
22/04/2015,0.122
23/04/2015,0.1225
24/04/2015,0.1225
27/04/2015,0.1225
28/04/2015,0.123
29/04/2015,0.123
30/04/2015,0.12
01/05/2015,0.122
04/05/2015,.
05/05/2015,0.123
06/05/2015,0.123
07/05/2015,0.123
08/05/2015,0.123
11/05/2015,0.123
12/05/2015,0.123
13/05/2015,0.123
14/05/2015,0.123
15/05/2015,0.124
18/05/2015,0.124
19/05/2015,0.124
20/05/2015,0.124
21/05/2015,0.124
22/05/2015,0.124
25/05/2015,.
26/05/2015,0.123
27/05/2015,0.123
28/05/2015,0.123
29/05/2015,0.121
01/06/2015,0.123
02/06/2015,0.1235
03/06/2015,0.123
04/06/2015,0.123
05/06/2015,0.123
08/06/2015,0.123
09/06/2015,0.123
10/06/2015,0.123
11/06/2015,0.123
12/06/2015,0.123
15/06/2015,0.1235
16/06/2015,0.1235
17/06/2015,0.123
18/06/2015,0.1235
19/06/2015,0.1245
22/06/2015,0.1245
23/06/2015,0.124
24/06/2015,0.1235
25/06/2015,0.1245
26/06/2015,0.124
29/06/2015,0.1236
30/06/2015,0.112
01/07/2015,0.123
02/07/2015,0.125
03/07/2015,0.1255
06/07/2015,0.1255
07/07/2015,0.126
08/07/2015,0.1255
09/07/2015,0.1255
10/07/2015,0.1265
13/07/2015,0.128
14/07/2015,0.128
15/07/2015,0.128
16/07/2015,0.128
17/07/2015,0.128
20/07/2015,0.1275
21/07/2015,0.1275
22/07/2015,0.1285
23/07/2015,0.1265
24/07/2015,0.1265
27/07/2015,0.126
28/07/2015,0.126
29/07/2015,0.126
30/07/2015,0.1265
31/07/2015,0.1214
03/08/2015,0.1265
04/08/2015,0.1265
05/08/2015,0.1265
06/08/2015,0.126
07/08/2015,0.126
10/08/2015,0.1265
11/08/2015,0.1275
12/08/2015,0.128
13/08/2015,0.1285
14/08/2015,0.1305
17/08/2015,0.1325
18/08/2015,0.1325
19/08/2015,0.133
20/08/2015,0.133
21/08/2015,0.133
24/08/2015,0.133
25/08/2015,0.1325
26/08/2015,0.133
27/08/2015,0.1335
28/08/2015,0.1335
31/08/2015,.
01/09/2015,0.132
02/09/2015,0.133
03/09/2015,0.1355
04/09/2015,0.1355
07/09/2015,.
08/09/2015,0.1355
09/09/2015,0.135
10/09/2015,0.1345
11/09/2015,0.1355
14/09/2015,0.136
15/09/2015,0.1365
16/09/2015,0.1365
17/09/2015,0.1375
18/09/2015,0.1375
21/09/2015,0.1355
22/09/2015,0.1355
23/09/2015,0.136
24/09/2015,0.136
25/09/2015,0.1345
28/09/2015,0.1345
29/09/2015,0.1335
30/09/2015,0.1162
01/10/2015,0.1325
02/10/2015,0.1325
05/10/2015,0.1325
06/10/2015,0.132
07/10/2015,0.1315
08/10/2015,0.131
09/10/2015,0.132
12/10/2015,.
13/10/2015,0.132
14/10/2015,0.132
15/10/2015,0.1325
16/10/2015,0.132
19/10/2015,0.1315
20/10/2015,0.132
21/10/2015,0.132
22/10/2015,0.132
23/10/2015,0.1315
26/10/2015,0.1315
27/10/2015,0.1315
28/10/2015,0.132
29/10/2015,0.132
30/10/2015,0.1248
02/11/2015,0.131
03/11/2015,0.131
04/11/2015,0.131
05/11/2015,0.131
06/11/2015,0.131
09/11/2015,0.131
10/11/2015,0.131
11/11/2015,.
12/11/2015,0.1305
13/11/2015,0.131
16/11/2015,0.131
17/11/2015,0.131
18/11/2015,0.131
19/11/2015,0.13
20/11/2015,0.131
23/11/2015,0.1305
24/11/2015,0.1305
25/11/2015,0.1305
26/11/2015,.
27/11/2015,0.1305
30/11/2015,0.128
01/12/2015,0.1305
02/12/2015,0.1305
03/12/2015,0.1305
04/12/2015,0.1305
07/12/2015,0.13
08/12/2015,0.1295
09/12/2015,0.1295
10/12/2015,0.1315
11/12/2015,0.1335
14/12/2015,0.135
15/12/2015,0.1355
16/12/2015,0.1518
17/12/2015,0.3614
18/12/2015,0.3658
21/12/2015,0.3672
22/12/2015,0.3674
23/12/2015,0.3673
24/12/2015,0.3671
25/12/2015,.
28/12/2015,.
29/12/2015,0.366
30/12/2015,0.3661
31/12/2015,0.2745
01/01/2016,.
04/01/2016,0.3658
05/01/2016,0.365
06/01/2016,0.3661
07/01/2016,0.3651
08/01/2016,0.3662
11/01/2016,0.3661
12/01/2016,0.3661
13/01/2016,0.3663
14/01/2016,0.3661
15/01/2016,0.3661
18/01/2016,.
19/01/2016,0.366
20/01/2016,0.3655
21/01/2016,0.3658
22/01/2016,0.3659
25/01/2016,0.366
26/01/2016,0.3657
27/01/2016,0.3659
28/01/2016,0.3684
29/01/2016,0.3674
01/02/2016,0.366
02/02/2016,0.369
03/02/2016,0.3686
04/02/2016,0.3704
05/02/2016,0.37
08/02/2016,0.3763
09/02/2016,0.3771
10/02/2016,0.3731
11/02/2016,0.3715
12/02/2016,0.3708
15/02/2016,.
16/02/2016,0.371
17/02/2016,0.37
18/02/2016,0.3714
19/02/2016,0.3709
22/02/2016,0.371
23/02/2016,0.371
24/02/2016,0.3715
25/02/2016,0.3743
26/02/2016,0.3745
29/02/2016,0.3715
01/03/2016,0.3679
02/03/2016,0.3715
03/03/2016,0.373
04/03/2016,0.372
07/03/2016,0.372
08/03/2016,0.372
09/03/2016,0.372
10/03/2016,0.3725
11/03/2016,0.3725
14/03/2016,0.3743
15/03/2016,0.3753
16/03/2016,0.3743
17/03/2016,0.3748
18/03/2016,0.3743
21/03/2016,0.3743
22/03/2016,0.3743
23/03/2016,0.3753
24/03/2016,0.3745
25/03/2016,.
28/03/2016,.
29/03/2016,0.3755
30/03/2016,0.3772
31/03/2016,0.3831
01/04/2016,0.3791
04/04/2016,0.3794
05/04/2016,0.3777
06/04/2016,0.3782
07/04/2016,0.3782
08/04/2016,0.3775
11/04/2016,0.3792
12/04/2016,0.3792
13/04/2016,0.3802
14/04/2016,0.3797
15/04/2016,0.3807
18/04/2016,0.3812
19/04/2016,0.3827
20/04/2016,0.3822
21/04/2016,0.3817
22/04/2016,0.3812
25/04/2016,0.3812
26/04/2016,0.3807
27/04/2016,0.3802
28/04/2016,0.3827
29/04/2016,0.3837
02/05/2016,.
03/05/2016,0.3857
04/05/2016,0.3858
05/05/2016,0.385
06/05/2016,0.385
09/05/2016,0.385
10/05/2016,0.3845
11/05/2016,0.385
12/05/2016,0.385
13/05/2016,0.3855
16/05/2016,0.3855
17/05/2016,0.386
18/05/2016,0.385
19/05/2016,0.384
20/05/2016,0.3845
23/05/2016,0.385
24/05/2016,0.385
25/05/2016,0.3861
26/05/2016,0.3861
27/05/2016,0.385
30/05/2016,.
31/05/2016,0.3865
01/06/2016,0.3855
02/06/2016,0.3855
03/06/2016,0.3861
06/06/2016,0.3861
07/06/2016,0.3865
08/06/2016,0.3876
09/06/2016,0.3856
10/06/2016,0.3861
13/06/2016,0.3855
14/06/2016,0.3855
15/06/2016,0.385
16/06/2016,0.3855
17/06/2016,0.3865
20/06/2016,0.3901
21/06/2016,0.3901
22/06/2016,0.3896
23/06/2016,0.3911
24/06/2016,0.3934
27/06/2016,0.4001
28/06/2016,0.4016
29/06/2016,0.4051
30/06/2016,0.4116
01/07/2016,0.4061
04/07/2016,.
05/07/2016,0.4096
06/07/2016,0.4112
07/07/2016,0.4127
08/07/2016,0.4122
11/07/2016,0.4137
12/07/2016,0.4122
13/07/2016,0.4127
14/07/2016,0.4122
15/07/2016,0.4152
18/07/2016,0.4159
19/07/2016,0.4159
20/07/2016,0.4174
21/07/2016,0.4179
22/07/2016,0.4179
25/07/2016,0.4179
26/07/2016,0.4179
27/07/2016,0.4164
28/07/2016,0.4159
29/07/2016,0.4129
01/08/2016,0.4144
02/08/2016,0.4179
03/08/2016,0.4174
04/08/2016,0.4179
05/08/2016,0.4189
08/08/2016,0.4189
09/08/2016,0.4188
10/08/2016,0.4197
11/08/2016,0.4202
12/08/2016,0.4191
15/08/2016,0.41889
16/08/2016,0.41778
17/08/2016,0.41722
18/08/2016,0.41722
19/08/2016,0.41556
22/08/2016,0.41667
23/08/2016,0.41778
24/08/2016,0.41833
25/08/2016,0.41989
26/08/2016,0.41833
29/08/2016,.
30/08/2016,0.41944
31/08/2016,0.41944
01/09/2016,0.41611
02/09/2016,0.42044
05/09/2016,.
06/09/2016,0.42044
07/09/2016,0.42156
08/09/2016,0.42211
09/09/2016,0.42156
12/09/2016,0.421
13/09/2016,0.421
14/09/2016,0.42211
15/09/2016,0.42156
16/09/2016,0.42044
19/09/2016,0.42156
20/09/2016,0.42211
21/09/2016,0.42211
22/09/2016,0.42322
23/09/2016,0.42322
26/09/2016,0.42433
27/09/2016,0.42544
28/09/2016,0.42063
29/09/2016,0.41989
30/09/2016,0.42378
03/10/2016,0.42267
04/10/2016,0.42433
05/10/2016,0.42822
06/10/2016,0.42878
07/10/2016,0.42656
10/10/2016,.
11/10/2016,0.42767
12/10/2016,0.42878
13/10/2016,0.431
14/10/2016,0.43044
17/10/2016,0.43322
18/10/2016,0.43322
19/10/2016,0.43378
20/10/2016,0.43322
21/10/2016,0.43322
24/10/2016,0.43211
25/10/2016,0.43433
26/10/2016,0.43433
27/10/2016,0.43489
28/10/2016,0.43544
31/10/2016,0.43344
01/11/2016,0.43456
02/11/2016,0.43733
03/11/2016,0.43678
04/11/2016,0.43511
07/11/2016,0.43456
08/11/2016,0.434
09/11/2016,0.43233
10/11/2016,0.43233
11/11/2016,.
14/11/2016,0.43344
15/11/2016,0.43289
16/11/2016,0.43289
17/11/2016,0.43456
18/11/2016,0.43367
21/11/2016,0.43367
22/11/2016,0.43367
23/11/2016,0.43422
24/11/2016,.
25/11/2016,0.43478
28/11/2016,0.43422
29/11/2016,0.43422
30/11/2016,0.43056
01/12/2016,0.43422
02/12/2016,0.43478
05/12/2016,0.43478
06/12/2016,0.43422
07/12/2016,0.43367
08/12/2016,0.43311
09/12/2016,0.43422
12/12/2016,0.437
13/12/2016,0.437
14/12/2016,0.43867
15/12/2016,0.67889
16/12/2016,0.68389
19/12/2016,0.68111
20/12/2016,0.68378
21/12/2016,0.686
22/12/2016,0.68656
23/12/2016,0.69378
26/12/2016,.
27/12/2016,.
28/12/2016,0.68656
29/12/2016,0.68822
30/12/2016,0.69211
02/01/2017,.
03/01/2017,0.69544
04/01/2017,0.69044
05/01/2017,0.69222
06/01/2017,0.691
09/01/2017,0.693
10/01/2017,0.69333
11/01/2017,0.69278
12/01/2017,0.69278
13/01/2017,0.69278
16/01/2017,.
17/01/2017,0.69
18/01/2017,0.68944
19/01/2017,0.69
20/01/2017,0.68833
23/01/2017,0.68889
24/01/2017,0.68833
25/01/2017,0.68833
26/01/2017,0.68722
27/01/2017,0.69
30/01/2017,0.69167
31/01/2017,0.69
01/02/2017,0.69111
02/02/2017,0.68833
03/02/2017,0.69278
06/02/2017,0.68833
07/02/2017,0.68778
08/02/2017,0.68667
09/02/2017,0.68667
10/02/2017,0.68778
13/02/2017,0.68722
14/02/2017,0.68722
15/02/2017,0.68556
16/02/2017,0.68611
17/02/2017,0.68611
20/02/2017,.
21/02/2017,0.68611
22/02/2017,0.68333
23/02/2017,0.68333
24/02/2017,0.68278
27/02/2017,0.68333
28/02/2017,0.68056
01/03/2017,0.68167
02/03/2017,0.68278
03/03/2017,0.68278
06/03/2017,0.68278
07/03/2017,0.68278
08/03/2017,0.68211
09/03/2017,0.68211
10/03/2017,0.68189
13/03/2017,0.68278
14/03/2017,0.68689
15/03/2017,0.68667
16/03/2017,0.92578
17/03/2017,0.92422
20/03/2017,0.92644
21/03/2017,0.92533
22/03/2017,0.92667
23/03/2017,0.92611
24/03/2017,0.92667
27/03/2017,0.92444
28/03/2017,0.925
29/03/2017,0.92556
30/03/2017,0.92667
31/03/2017,0.92167
03/04/2017,0.92722
04/04/2017,0.93
05/04/2017,0.93111
06/04/2017,0.93
07/04/2017,0.93056
10/04/2017,0.92722
11/04/2017,0.92722
12/04/2017,0.92778
13/04/2017,0.92611
14/04/2017,.
17/04/2017,.
18/04/2017,0.93
19/04/2017,0.93
20/04/2017,0.92944
21/04/2017,0.92944
24/04/2017,0.92667
25/04/2017,0.92833
26/04/2017,0.93028
27/04/2017,0.93056
28/04/2017,0.92944
01/05/2017,.
02/05/2017,0.92667
03/05/2017,0.92722
04/05/2017,0.92778
05/05/2017,0.92778
08/05/2017,0.92778
09/05/2017,0.92722
10/05/2017,0.92833
11/05/2017,0.92833
12/05/2017,0.92833
15/05/2017,0.92889
16/05/2017,0.92833
17/05/2017,0.92833
18/05/2017,0.92778
19/05/2017,0.92889
22/05/2017,0.92889
23/05/2017,0.93056
24/05/2017,0.93056
25/05/2017,0.93
26/05/2017,0.93
29/05/2017,.
30/05/2017,0.93111
31/05/2017,0.92889
01/06/2017,0.93111
02/06/2017,0.93111
05/06/2017,0.93111
06/06/2017,0.93056
07/06/2017,0.93111
08/06/2017,0.93056
09/06/2017,0.93111
12/06/2017,0.93111
13/06/2017,0.93111
14/06/2017,0.93111
15/06/2017,1.175
16/06/2017,1.17722
19/06/2017,1.17667
20/06/2017,1.17611
21/06/2017,1.17722
22/06/2017,1.17722
23/06/2017,1.17667
26/06/2017,1.17611
27/06/2017,1.17611
28/06/2017,1.17667
29/06/2017,1.17333
30/06/2017,1.16167
03/07/2017,1.17167
04/07/2017,.
05/07/2017,1.17389
06/07/2017,1.17389
07/07/2017,1.17389
10/07/2017,1.17444
11/07/2017,1.17722
12/07/2017,1.17833
13/07/2017,1.17833
14/07/2017,1.17722
17/07/2017,1.17778
18/07/2017,1.17722
19/07/2017,1.17889
20/07/2017,1.17889
21/07/2017,1.17889
24/07/2017,1.17889
25/07/2017,1.18
26/07/2017,1.17778
27/07/2017,1.17722
28/07/2017,1.17833
31/07/2017,1.17611
01/08/2017,1.17556
02/08/2017,1.17722
03/08/2017,1.17722
04/08/2017,1.17778
07/08/2017,1.17722
08/08/2017,1.17778
09/08/2017,1.17778
10/08/2017,1.17778
11/08/2017,1.17778
14/08/2017,1.17778
15/08/2017,1.17778
16/08/2017,1.17889
17/08/2017,1.17778
18/08/2017,1.17722
21/08/2017,1.17778
22/08/2017,1.17778
23/08/2017,1.17778
24/08/2017,1.17778
25/08/2017,1.17778
28/08/2017,.
29/08/2017,1.17833
30/08/2017,1.17778
31/08/2017,1.17556
01/09/2017,1.17722
04/09/2017,.
05/09/2017,1.17778
06/09/2017,1.17611
07/09/2017,1.17611
08/09/2017,1.17722
11/09/2017,1.17778
12/09/2017,1.17778
13/09/2017,1.17722
14/09/2017,1.17889
15/09/2017,1.17889
18/09/2017,1.17889
19/09/2017,1.17889
20/09/2017,1.17889
21/09/2017,1.17889
22/09/2017,1.17889
25/09/2017,1.17833
26/09/2017,1.17833
27/09/2017,1.18
28/09/2017,1.18111
29/09/2017,1.18167
02/10/2017,1.18
03/10/2017,1.18056
04/10/2017,1.18222
05/10/2017,1.18222
06/10/2017,1.18222
09/10/2017,.
10/10/2017,1.18167
11/10/2017,1.18333
12/10/2017,1.18444
13/10/2017,1.18444
16/10/2017,1.18444
17/10/2017,1.18444
18/10/2017,1.18444
19/10/2017,1.185
20/10/2017,1.18444
23/10/2017,1.18444
24/10/2017,1.18444
25/10/2017,1.18444
26/10/2017,1.18444
27/10/2017,1.18444
30/10/2017,1.185
31/10/2017,1.18222
01/11/2017,1.18222
02/11/2017,1.18389
03/11/2017,1.18444
06/11/2017,1.18389
07/11/2017,1.18389
08/11/2017,1.18333
09/11/2017,1.18333
10/11/2017,1.18333
13/11/2017,1.18278
14/11/2017,1.18278
15/11/2017,1.18278
16/11/2017,1.18278
17/11/2017,1.18278
20/11/2017,1.18278
21/11/2017,1.18278
22/11/2017,1.18278
23/11/2017,.
24/11/2017,1.18375
27/11/2017,1.18375
28/11/2017,1.185
29/11/2017,1.18625
30/11/2017,1.18
01/12/2017,1.1825
04/12/2017,1.1825
05/12/2017,1.1825
06/12/2017,1.1825
07/12/2017,1.1825
08/12/2017,1.1825
11/12/2017,1.1825
12/12/2017,1.1825
13/12/2017,1.1825
14/12/2017,1.4275
15/12/2017,1.43313
18/12/2017,1.43313
19/12/2017,1.43313
20/12/2017,1.43438
21/12/2017,1.43438
22/12/2017,1.43438
25/12/2017,.
26/12/2017,.
27/12/2017,1.435
28/12/2017,1.4375
29/12/2017,1.42875
01/01/2018,.
02/01/2018,1.4375
03/01/2018,1.43875
04/01/2018,1.4375
05/01/2018,1.4375
08/01/2018,1.4375
09/01/2018,1.4375
10/01/2018,1.43625
11/01/2018,1.4375
12/01/2018,1.4375
15/01/2018,.
16/01/2018,1.43875
17/01/2018,1.4375
18/01/2018,1.4375
19/01/2018,1.4375
22/01/2018,1.4375
23/01/2018,1.4375
24/01/2018,1.4375
25/01/2018,1.43813
26/01/2018,1.43813
29/01/2018,1.43938
30/01/2018,1.43938
31/01/2018,1.43938
01/02/2018,1.44375
02/02/2018,1.44375
05/02/2018,1.43938
06/02/2018,1.43875
07/02/2018,1.43875
08/02/2018,1.43875
09/02/2018,1.44
12/02/2018,1.4425
13/02/2018,1.44375
14/02/2018,1.44375
15/02/2018,1.44375
16/02/2018,1.445
19/02/2018,.
20/02/2018,1.445
21/02/2018,1.445
22/02/2018,1.44438
23/02/2018,1.44813
26/02/2018,1.4475
27/02/2018,1.4475
28/02/2018,1.4425
01/03/2018,1.44625
02/03/2018,1.4475
05/03/2018,1.4475
06/03/2018,1.44688
07/03/2018,1.44688
08/03/2018,1.44688
09/03/2018,1.44688
12/03/2018,1.445
13/03/2018,1.445
14/03/2018,1.445
15/03/2018,1.445
16/03/2018,1.44625
19/03/2018,1.4475
20/03/2018,1.4475
21/03/2018,1.44875
22/03/2018,1.6975
23/03/2018,1.6975
26/03/2018,1.6975
27/03/2018,1.6975
28/03/2018,1.69875
29/03/2018,1.69688
30/03/2018,.
02/04/2018,.
03/04/2018,1.69938
04/04/2018,1.70188
05/04/2018,1.70313
06/04/2018,1.70313
09/04/2018,1.70188
10/04/2018,1.70188
11/04/2018,1.70188
12/04/2018,1.70313
13/04/2018,1.70188
16/04/2018,1.70125
17/04/2018,1.70375
18/04/2018,1.705
19/04/2018,1.70313
20/04/2018,1.70313
23/04/2018,1.70313
24/04/2018,1.70313
25/04/2018,1.70313
26/04/2018,1.70313
27/04/2018,1.70438
30/04/2018,1.70369
01/05/2018,1.70438
02/05/2018,1.70438
03/05/2018,1.70438
04/05/2018,1.70563
07/05/2018,.
08/05/2018,1.705
09/05/2018,1.705
10/05/2018,1.705
11/05/2018,1.70625
14/05/2018,1.705
15/05/2018,1.705
16/05/2018,1.70538
17/05/2018,1.706
18/05/2018,1.70725
21/05/2018,1.706
22/05/2018,1.7085
23/05/2018,1.70788
24/05/2018,1.7085
25/05/2018,1.70725
28/05/2018,.
29/05/2018,1.7085
30/05/2018,1.71163
31/05/2018,1.71163
01/06/2018,1.712
04/06/2018,1.712
05/06/2018,1.712
06/06/2018,1.7135
07/06/2018,1.71438
08/06/2018,1.715
11/06/2018,1.71463
12/06/2018,1.71325
13/06/2018,1.71263
14/06/2018,1.93563
15/06/2018,1.92563
18/06/2018,1.9255
19/06/2018,1.92888
20/06/2018,1.93038
21/06/2018,1.92788
22/06/2018,1.928
25/06/2018,1.93163
26/06/2018,1.935
27/06/2018,1.93375
28/06/2018,1.93325
29/06/2018,1.93538
02/07/2018,1.92975
03/07/2018,1.92813
04/07/2018,.
05/07/2018,1.92813
06/07/2018,1.92563
09/07/2018,1.92588
10/07/2018,1.91925
11/07/2018,1.91825
12/07/2018,1.91763
13/07/2018,1.91763
16/07/2018,1.91263
17/07/2018,1.91825
18/07/2018,1.91325
19/07/2018,1.91225
20/07/2018,1.9135
23/07/2018,1.91838
24/07/2018,1.91413
25/07/2018,1.91488
26/07/2018,1.91725
27/07/2018,1.91163
30/07/2018,1.916
31/07/2018,1.91538
01/08/2018,1.91563
02/08/2018,1.92025
03/08/2018,1.915
06/08/2018,1.92
07/08/2018,1.91338
08/08/2018,1.91625
09/08/2018,1.91625
10/08/2018,1.9125
13/08/2018,1.9125
14/08/2018,1.91325
15/08/2018,1.91375
16/08/2018,1.92
17/08/2018,1.91688
20/08/2018,1.9175
21/08/2018,1.91963
22/08/2018,1.91775
23/08/2018,1.91813
24/08/2018,1.91888
27/08/2018,.
28/08/2018,1.91488
29/08/2018,1.91538
30/08/2018,1.92
31/08/2018,1.91488
03/09/2018,.
04/09/2018,1.91363
05/09/2018,1.91875
06/09/2018,1.91838
07/09/2018,1.91875
10/09/2018,1.91913
11/09/2018,1.91513
12/09/2018,1.919
13/09/2018,1.91988
14/09/2018,1.91513
17/09/2018,1.91463
18/09/2018,1.91888
19/09/2018,1.91863
20/09/2018,1.91738
21/09/2018,1.92088
24/09/2018,1.918
25/09/2018,1.91625
26/09/2018,1.92525
27/09/2018,2.17388
28/09/2018,2.17138
01/10/2018,2.17075
02/10/2018,2.17725
03/10/2018,2.16813
04/10/2018,2.16525
05/10/2018,2.17175
08/10/2018,.
09/10/2018,2.1655
10/10/2018,2.172
11/10/2018,2.17225
12/10/2018,2.16938
15/10/2018,2.17725
16/10/2018,2.17638
17/10/2018,2.176
18/10/2018,2.17025
19/10/2018,2.17113
22/10/2018,2.17063
23/10/2018,2.17388
24/10/2018,2.17513
25/10/2018,2.17425
26/10/2018,2.17675
29/10/2018,2.17888
30/10/2018,2.18
31/10/2018,2.173
01/11/2018,2.17538
02/11/2018,2.17463
05/11/2018,2.17525
06/11/2018,2.17663
07/11/2018,2.17725
08/11/2018,2.17988
09/11/2018,2.175
12/11/2018,.
13/11/2018,2.17788
14/11/2018,2.17575
15/11/2018,2.17938
16/11/2018,2.17538
19/11/2018,2.18075
20/11/2018,2.17288
21/11/2018,2.1805
22/11/2018,.
23/11/2018,2.177
26/11/2018,2.183
27/11/2018,2.1785
28/11/2018,2.1825
29/11/2018,2.18275
30/11/2018,2.1775
03/12/2018,2.18188
04/12/2018,2.17613
05/12/2018,2.17188
06/12/2018,2.18238
07/12/2018,2.18088
10/12/2018,2.182
11/12/2018,2.18213
12/12/2018,2.18475
13/12/2018,2.18438
14/12/2018,2.18475
17/12/2018,2.18125
18/12/2018,2.18025
19/12/2018,2.18175
20/12/2018,2.38788
21/12/2018,2.39163
24/12/2018,2.38988
25/12/2018,.
26/12/2018,.
27/12/2018,2.391
28/12/2018,2.39238
31/12/2018,2.37825
01/01/2019,.
02/01/2019,2.38675
03/01/2019,2.39188
04/01/2019,2.394
07/01/2019,2.39275
08/01/2019,2.39125
09/01/2019,2.39075
10/01/2019,2.39413
11/01/2019,2.38938
14/01/2019,2.39013
15/01/2019,2.38675
16/01/2019,2.38488
17/01/2019,2.38463
18/01/2019,2.38388
21/01/2019,.
22/01/2019,2.37563
23/01/2019,2.38413
24/01/2019,2.3845
25/01/2019,2.38475
28/01/2019,2.38488
29/01/2019,2.38438
30/01/2019,2.38388
31/01/2019,2.3835
01/02/2019,2.374
04/02/2019,2.38413
05/02/2019,2.38238
06/02/2019,2.38325
07/02/2019,2.38313
08/02/2019,2.38575
11/02/2019,2.38625
12/02/2019,2.3835
13/02/2019,2.38438
14/02/2019,2.38275
15/02/2019,2.387
18/02/2019,.
19/02/2019,2.378
20/02/2019,2.38463
21/02/2019,2.3825
22/02/2019,2.38788
25/02/2019,2.38863
26/02/2019,2.38863
27/02/2019,2.38825
28/02/2019,2.38275
01/03/2019,2.38488
04/03/2019,2.38238
05/03/2019,2.39063
06/03/2019,2.39063
07/03/2019,2.38975
08/03/2019,2.38688
11/03/2019,2.39025
12/03/2019,2.39038
13/03/2019,2.39013
14/03/2019,2.39038
15/03/2019,2.39038
18/03/2019,2.38963
19/03/2019,2.39013
20/03/2019,2.38625
21/03/2019,2.38725
22/03/2019,2.389
25/03/2019,2.38938
26/03/2019,2.39388
27/03/2019,2.39213
28/03/2019,2.39275
29/03/2019,2.382
01/04/2019,2.38813
02/04/2019,2.38025
03/04/2019,2.38613
04/04/2019,2.39413
05/04/2019,2.39375
08/04/2019,2.39175
09/04/2019,2.393
10/04/2019,2.3885
11/04/2019,2.3885
12/04/2019,2.39225
15/04/2019,2.39263
16/04/2019,2.38913
17/04/2019,2.38563
18/04/2019,2.39113
19/04/2019,.
22/04/2019,.
23/04/2019,2.40275
24/04/2019,2.39413
25/04/2019,2.39938
26/04/2019,2.4
29/04/2019,2.38975
30/04/2019,2.37913
01/05/2019,2.39188
02/05/2019,2.37313
03/05/2019,2.37788
06/05/2019,.
07/05/2019,2.36313
08/05/2019,2.36275
09/05/2019,2.35888
10/05/2019,2.35638
13/05/2019,2.34513
14/05/2019,2.34338
15/05/2019,2.34913
16/05/2019,2.35938
17/05/2019,2.35575
20/05/2019,2.35938
21/05/2019,2.35538
22/05/2019,2.3545
23/05/2019,2.35625
24/05/2019,2.3565
27/05/2019,.
28/05/2019,2.35388
29/05/2019,2.356
30/05/2019,2.35775
31/05/2019,2.3545
03/06/2019,2.36075
04/06/2019,2.36
05/06/2019,2.34538
06/06/2019,2.346
07/06/2019,2.35175
10/06/2019,2.345
11/06/2019,2.35088
12/06/2019,2.35038
13/06/2019,2.3505
14/06/2019,2.34663
17/06/2019,2.34438
18/06/2019,2.3495
19/06/2019,2.34088
20/06/2019,2.3415
21/06/2019,2.3475
24/06/2019,2.34925
25/06/2019,2.34475
26/06/2019,2.354
27/06/2019,2.35488
28/06/2019,2.37038
01/07/2019,2.35975
02/07/2019,2.35138
03/07/2019,2.35638
04/07/2019,.
05/07/2019,2.34825
08/07/2019,2.35688
09/07/2019,2.35013
10/07/2019,2.35475
11/07/2019,2.359
12/07/2019,2.35913
15/07/2019,2.35713
16/07/2019,2.35663
17/07/2019,2.36275
18/07/2019,2.36063
19/07/2019,2.362
22/07/2019,2.35963
23/07/2019,2.35375
24/07/2019,2.35225
25/07/2019,2.349
26/07/2019,2.35038
29/07/2019,2.34863
30/07/2019,2.347
31/07/2019,2.35163
01/08/2019,2.11225
02/08/2019,2.10425
05/08/2019,2.10513
06/08/2019,2.09713
07/08/2019,2.09938
08/08/2019,2.09525
09/08/2019,2.09538
12/08/2019,2.10275
13/08/2019,2.09825
14/08/2019,2.09213
15/08/2019,2.09588
16/08/2019,2.0985
19/08/2019,2.09538
20/08/2019,2.097
21/08/2019,2.093
22/08/2019,2.09363
23/08/2019,2.08838
26/08/2019,.
27/08/2019,2.09575
28/08/2019,2.08663
29/08/2019,2.095
30/08/2019,2.08963
02/09/2019,.
03/09/2019,2.09063
04/09/2019,2.09125
05/09/2019,2.09763
06/09/2019,2.09475
09/09/2019,2.09388
10/09/2019,2.0925
11/09/2019,2.0945
12/09/2019,2.08825
13/09/2019,2.09475
16/09/2019,2.11163
17/09/2019,2.15488
18/09/2019,2.18525
19/09/2019,1.96213
20/09/2019,1.8685
23/09/2019,1.8475
24/09/2019,1.842
25/09/2019,1.84075
26/09/2019,1.82988
27/09/2019,1.82713
30/09/2019,1.8215
01/10/2019,1.82613
02/10/2019,1.85125
03/10/2019,1.82238
04/10/2019,1.82075
07/10/2019,1.80825
08/10/2019,1.8055
09/10/2019,1.79
10/10/2019,1.79263
11/10/2019,1.79888
14/10/2019,.
15/10/2019,1.79513
16/10/2019,1.82575
17/10/2019,1.83813
18/10/2019,1.81513
21/10/2019,1.81113
22/10/2019,1.81288
23/10/2019,1.814
24/10/2019,1.80275
25/10/2019,1.806
28/10/2019,1.80163
29/10/2019,1.801
30/10/2019,1.80438
31/10/2019,1.59988
01/11/2019,1.59213
04/11/2019,1.55088
05/11/2019,1.54713
06/11/2019,1.5365
07/11/2019,1.54363
08/11/2019,1.53863
11/11/2019,.
12/11/2019,1.53925
13/11/2019,1.539
14/11/2019,1.527
15/11/2019,1.53675
18/11/2019,1.53538
19/11/2019,1.53688
20/11/2019,1.529
21/11/2019,1.54138
22/11/2019,1.53388
25/11/2019,1.53613
26/11/2019,1.538
27/11/2019,1.53963
28/11/2019,.
29/11/2019,1.5425
02/12/2019,1.54063
03/12/2019,1.5385
04/12/2019,1.5295
05/12/2019,1.52938
06/12/2019,1.52913
09/12/2019,1.53663
10/12/2019,1.529
11/12/2019,1.52538
12/12/2019,1.53375
13/12/2019,1.52988
16/12/2019,1.53063
17/12/2019,1.53563
18/12/2019,1.5335
19/12/2019,1.534
20/12/2019,1.53663
23/12/2019,1.5345
24/12/2019,1.53313
25/12/2019,.
26/12/2019,.
27/12/2019,1.53625
30/12/2019,1.53438
31/12/2019,1.54263
01/01/2020,.
02/01/2020,1.5405
03/01/2020,1.53675
06/01/2020,1.537
07/01/2020,1.52788
08/01/2020,1.5325
09/01/2020,1.527
10/01/2020,1.53313
13/01/2020,1.53513
14/01/2020,1.53125
15/01/2020,1.52838
16/01/2020,1.53563
17/01/2020,1.53113
20/01/2020,.
21/01/2020,1.53925
22/01/2020,1.53263
23/01/2020,1.53163
24/01/2020,1.53188
27/01/2020,1.53175
28/01/2020,1.533
29/01/2020,1.52963
30/01/2020,1.54388
31/01/2020,1.56875
03/02/2020,1.568
04/02/2020,1.5655
05/02/2020,1.57513
06/02/2020,1.572
07/02/2020,1.57738
10/02/2020,1.57463
11/02/2020,1.57125
12/02/2020,1.57413
13/02/2020,1.57338
14/02/2020,1.57613
17/02/2020,.
18/02/2020,1.56338
19/02/2020,1.57688
20/02/2020,1.56713
21/02/2020,1.57025
24/02/2020,1.5755
25/02/2020,1.569
26/02/2020,1.5715
27/02/2020,1.574
28/02/2020,1.56775
02/03/2020,1.57463
03/03/2020,1.57563
04/03/2020,1.08775
05/03/2020,1.08213
06/03/2020,1.07975
09/03/2020,1.08113
10/03/2020,1.082
11/03/2020,1.084
12/03/2020,1.08663
13/03/2020,1.08488
16/03/2020,0.23925
17/03/2020,0.25813
18/03/2020,0.37988
19/03/2020,0.29825
20/03/2020,0.21188
23/03/2020,0.2065
24/03/2020,0.17813
25/03/2020,0.20125
26/03/2020,0.14988
27/03/2020,0.13625
30/03/2020,0.12088
31/03/2020,0.119
01/04/2020,0.10875
02/04/2020,0.08588
03/04/2020,0.07663
06/04/2020,0.0745
07/04/2020,0.077
08/04/2020,0.07188
09/04/2020,0.06775
10/04/2020,.
13/04/2020,.
14/04/2020,0.07163
15/04/2020,0.06613
16/04/2020,0.067
17/04/2020,0.067
20/04/2020,0.06463
21/04/2020,0.06313
22/04/2020,0.0635
23/04/2020,0.05825
24/04/2020,0.05675
27/04/2020,0.056
28/04/2020,0.05075
29/04/2020,0.05488
30/04/2020,0.0605
01/05/2020,0.05838
04/05/2020,0.05725
05/05/2020,0.05775
06/05/2020,0.0625
07/05/2020,0.061
08/05/2020,.
11/05/2020,0.06163
12/05/2020,0.06063
13/05/2020,0.061
14/05/2020,0.0615
15/05/2020,0.062
18/05/2020,0.05975
19/05/2020,0.06038
20/05/2020,0.06238
21/05/2020,0.06113
22/05/2020,0.06075
25/05/2020,.
26/05/2020,0.06025
27/05/2020,0.06163
28/05/2020,0.063
29/05/2020,0.0615
01/06/2020,0.062
02/06/2020,0.065
03/06/2020,0.06188
04/06/2020,0.05975
05/06/2020,0.0625
08/06/2020,0.06075
09/06/2020,0.063
10/06/2020,0.06325
11/06/2020,0.0655
12/06/2020,0.06613
15/06/2020,0.06975
16/06/2020,0.07163
17/06/2020,0.0755
18/06/2020,0.07638
19/06/2020,0.07525
22/06/2020,0.06988
23/06/2020,0.07113
24/06/2020,0.07425
25/06/2020,0.07563
26/06/2020,0.07113
29/06/2020,0.08175
30/06/2020,0.08088
01/07/2020,0.07663
02/07/2020,0.08288
03/07/2020,0.08288
06/07/2020,0.08288
07/07/2020,0.083
08/07/2020,0.08288
09/07/2020,0.08175
10/07/2020,0.08138
13/07/2020,0.082
14/07/2020,0.0775
15/07/2020,0.08425
16/07/2020,0.08675
17/07/2020,0.08563
20/07/2020,0.0855
21/07/2020,0.08525
22/07/2020,0.08588
23/07/2020,0.08563
24/07/2020,0.08488
27/07/2020,0.08513
28/07/2020,0.08475
29/07/2020,0.08413
30/07/2020,0.085
31/07/2020,0.08725
03/08/2020,0.08425
04/08/2020,0.089
05/08/2020,0.08338
06/08/2020,0.08575
07/08/2020,0.08513
10/08/2020,0.086
11/08/2020,0.08525
12/08/2020,0.08538
13/08/2020,0.08488
14/08/2020,0.0855
17/08/2020,0.08475
18/08/2020,0.08363
19/08/2020,0.08463
20/08/2020,0.083
21/08/2020,0.08175
24/08/2020,0.08175
25/08/2020,0.08138
26/08/2020,0.08175
27/08/2020,0.082
28/08/2020,0.08088
31/08/2020,.
01/09/2020,0.08125
02/09/2020,0.0825
03/09/2020,0.08238
04/09/2020,0.08163
07/09/2020,.
08/09/2020,0.07938
09/09/2020,0.08213
10/09/2020,0.08413
11/09/2020,0.083
14/09/2020,0.08388
15/09/2020,0.08325
16/09/2020,0.0825
17/09/2020,0.08225
18/09/2020,0.08313
21/09/2020,0.0825
22/09/2020,0.08263
23/09/2020,0.08038
24/09/2020,0.08075
25/09/2020,0.08013
28/09/2020,0.08163
29/09/2020,0.08175
30/09/2020,0.078
01/10/2020,0.08175
02/10/2020,0.08125
05/10/2020,0.08138
06/10/2020,0.0815
07/10/2020,0.08175
08/10/2020,0.08263
09/10/2020,0.08175
12/10/2020,.
13/10/2020,0.08
14/10/2020,0.08088
15/10/2020,0.08125
16/10/2020,0.08113
19/10/2020,0.08088
20/10/2020,0.08038
21/10/2020,0.08063
22/10/2020,0.08413
23/10/2020,0.08138
26/10/2020,0.08063
27/10/2020,0.08163
28/10/2020,0.08025
29/10/2020,0.081
30/10/2020,0.08138
02/11/2020,0.08113
03/11/2020,0.082
04/11/2020,0.0815
05/11/2020,0.08138
06/11/2020,0.08263
09/11/2020,0.08113
10/11/2020,0.08488
11/11/2020,.
12/11/2020,0.0815
13/11/2020,0.08325
16/11/2020,0.08363
17/11/2020,0.08213
18/11/2020,0.08225
19/11/2020,0.08238
20/11/2020,0.08263
23/11/2020,0.082
24/11/2020,0.08013
25/11/2020,0.08
26/11/2020,.
27/11/2020,0.08025
30/11/2020,0.085
01/12/2020,0.0805
02/12/2020,0.0815
03/12/2020,0.08275
04/12/2020,0.08325
07/12/2020,0.08288
08/12/2020,0.0825
09/12/2020,0.08263
10/12/2020,0.08288
11/12/2020,0.08325
14/12/2020,0.0825
15/12/2020,0.082
16/12/2020,0.08125
17/12/2020,0.08538
18/12/2020,0.08438
21/12/2020,0.08463
22/12/2020,0.08513
23/12/2020,0.08563
24/12/2020,0.081
25/12/2020,.
28/12/2020,.
29/12/2020,0.08738
30/12/2020,0.08563
31/12/2020,0.07763
